/*
  # Seed Library data for Bengaluru

  1. City Packs
    - Heritage Walk: 4 stories covering historical landmarks
    - Temple Trail: 3 stories covering spiritual sites
    - Garden City: 3 stories covering parks and green spaces

  2. Topics
    - Temples & Mythology: Religious and mythological stories
    - Colonial History: British-era landmarks
    - Parks & Nature: Green spaces and gardens
    - Markets & Culture: Living culture and commerce

  3. Notes
    - All references use existing story IDs from the seed data
    - story_count and total_duration_seconds are pre-calculated
*/

-- City Packs
INSERT INTO city_packs (id, city_id, title, subtitle, image_url, story_count, total_duration_seconds, sort_order)
VALUES
  ('00000000-0000-0000-0000-000000000201', '00000000-0000-0000-0000-000000000001',
   'Heritage Walk', 'Trace Bengaluru''s rich history through its iconic landmarks',
   'https://images.pexels.com/photos/3573382/pexels-photo-3573382.jpeg?auto=compress&cs=tinysrgb&w=600', 4, 1650, 1),
  ('00000000-0000-0000-0000-000000000202', '00000000-0000-0000-0000-000000000001',
   'Temple Trail', 'Sacred spaces and the legends that shaped them',
   'https://images.pexels.com/photos/2161467/pexels-photo-2161467.jpeg?auto=compress&cs=tinysrgb&w=600', 3, 1010, 2),
  ('00000000-0000-0000-0000-000000000203', '00000000-0000-0000-0000-000000000001',
   'Garden City', 'Discover the green lungs that give Bengaluru its name',
   'https://images.pexels.com/photos/158028/bellingrath-gardens-702702-702700-702698-158028.jpeg?auto=compress&cs=tinysrgb&w=600', 3, 760, 3)
ON CONFLICT (id) DO NOTHING;

-- Pack stories
INSERT INTO city_pack_stories (id, pack_id, story_id, sort_order)
VALUES
  ('00000000-0000-0000-0000-000000000301', '00000000-0000-0000-0000-000000000201', '00000000-0000-0000-0000-000000000101', 1),
  ('00000000-0000-0000-0000-000000000302', '00000000-0000-0000-0000-000000000201', '00000000-0000-0000-0000-000000000103', 2),
  ('00000000-0000-0000-0000-000000000303', '00000000-0000-0000-0000-000000000201', '00000000-0000-0000-0000-000000000104', 3),
  ('00000000-0000-0000-0000-000000000304', '00000000-0000-0000-0000-000000000201', '00000000-0000-0000-0000-000000000109', 4),
  ('00000000-0000-0000-0000-000000000305', '00000000-0000-0000-0000-000000000202', '00000000-0000-0000-0000-000000000102', 1),
  ('00000000-0000-0000-0000-000000000306', '00000000-0000-0000-0000-000000000202', '00000000-0000-0000-0000-000000000106', 2),
  ('00000000-0000-0000-0000-000000000307', '00000000-0000-0000-0000-000000000202', '00000000-0000-0000-0000-000000000104', 3),
  ('00000000-0000-0000-0000-000000000308', '00000000-0000-0000-0000-000000000203', '00000000-0000-0000-0000-000000000100', 1),
  ('00000000-0000-0000-0000-000000000309', '00000000-0000-0000-0000-000000000203', '00000000-0000-0000-0000-000000000105', 2),
  ('00000000-0000-0000-0000-000000000310', '00000000-0000-0000-0000-000000000203', '00000000-0000-0000-0000-000000000107', 3)
ON CONFLICT (id) DO NOTHING;

-- Topics
INSERT INTO topics (id, city_id, title, subtitle, icon_name, story_count, sort_order)
VALUES
  ('00000000-0000-0000-0000-000000000401', '00000000-0000-0000-0000-000000000001',
   'Temples & Mythology', 'Sacred stories etched in stone', 'Flame', 3, 1),
  ('00000000-0000-0000-0000-000000000402', '00000000-0000-0000-0000-000000000001',
   'Colonial History', 'The British chapter of the Garden City', 'Landmark', 3, 2),
  ('00000000-0000-0000-0000-000000000403', '00000000-0000-0000-0000-000000000001',
   'Parks & Nature', 'Green spaces, botanical wonders, and lakeside calm', 'TreePine', 3, 3),
  ('00000000-0000-0000-0000-000000000404', '00000000-0000-0000-0000-000000000001',
   'Markets & Culture', 'The living pulse of Bengaluru', 'Store', 2, 4)
ON CONFLICT (id) DO NOTHING;

-- Topic stories
INSERT INTO topic_stories (id, topic_id, story_id, sort_order)
VALUES
  ('00000000-0000-0000-0000-000000000501', '00000000-0000-0000-0000-000000000401', '00000000-0000-0000-0000-000000000102', 1),
  ('00000000-0000-0000-0000-000000000502', '00000000-0000-0000-0000-000000000401', '00000000-0000-0000-0000-000000000106', 2),
  ('00000000-0000-0000-0000-000000000503', '00000000-0000-0000-0000-000000000401', '00000000-0000-0000-0000-000000000104', 3),
  ('00000000-0000-0000-0000-000000000504', '00000000-0000-0000-0000-000000000402', '00000000-0000-0000-0000-000000000101', 1),
  ('00000000-0000-0000-0000-000000000505', '00000000-0000-0000-0000-000000000402', '00000000-0000-0000-0000-000000000103', 2),
  ('00000000-0000-0000-0000-000000000506', '00000000-0000-0000-0000-000000000402', '00000000-0000-0000-0000-000000000105', 3),
  ('00000000-0000-0000-0000-000000000507', '00000000-0000-0000-0000-000000000403', '00000000-0000-0000-0000-000000000100', 1),
  ('00000000-0000-0000-0000-000000000508', '00000000-0000-0000-0000-000000000403', '00000000-0000-0000-0000-000000000105', 2),
  ('00000000-0000-0000-0000-000000000509', '00000000-0000-0000-0000-000000000403', '00000000-0000-0000-0000-000000000107', 3),
  ('00000000-0000-0000-0000-000000000510', '00000000-0000-0000-0000-000000000404', '00000000-0000-0000-0000-000000000108', 1),
  ('00000000-0000-0000-0000-000000000511', '00000000-0000-0000-0000-000000000404', '00000000-0000-0000-0000-000000000109', 2)
ON CONFLICT (id) DO NOTHING;
